artist_1_name,artist_2_name,predicted_streams,predicted_streams_overall,predicted_revenue_overall,predicted_revenue_au,predicted_revenue_br,predicted_revenue_ca,predicted_revenue_de,predicted_revenue_fr,predicted_revenue_gb,predicted_revenue_jp,predicted_revenue_us,predicted_streams_au,predicted_streams_br,predicted_streams_ca,predicted_streams_de,predicted_streams_fr,predicted_streams_gb,predicted_streams_jp,predicted_streams_us
Farruko,Rauw Alejandro,10195398.79649514,10195398.79649514,40781.595185980565,5097.699398247571,5097.699398247571,5097.699398247571,5097.699398247571,5097.699398247571,5097.699398247571,5097.699398247571,5097.699398247571,1274424.8495618927,1274424.8495618927,1274424.8495618927,1274424.8495618927,1274424.8495618927,1274424.8495618927,1274424.8495618927,1274424.8495618927
Cazzu,KHEA,9546503.46794048,9546503.46794048,38186.01387176193,0.0,6364.335645293654,6364.335645293654,6364.335645293654,6364.335645293654,0.0,6364.335645293654,6364.335645293654,0.0,1591083.9113234135,1591083.9113234135,1591083.9113234135,1591083.9113234135,0.0,1591083.9113234135,1591083.9113234135
Brytiago,Mambo Kingz,8286203.548669089,8286203.548669089,33144.81419467636,4734.973456382337,0.0,4734.973456382337,4734.973456382337,4734.973456382337,4734.973456382337,4734.973456382337,4734.973456382337,1183743.3640955843,0.0,1183743.3640955843,1183743.3640955843,1183743.3640955843,1183743.3640955843,1183743.3640955843,1183743.3640955843
Brytiago,DJ Luian,8286203.548669089,8286203.548669089,33144.81419467636,4734.973456382337,0.0,4734.973456382337,4734.973456382337,4734.973456382337,4734.973456382337,4734.973456382337,4734.973456382337,1183743.3640955843,0.0,1183743.3640955843,1183743.3640955843,1183743.3640955843,1183743.3640955843,1183743.3640955843,1183743.3640955843
Mambo Kingz,DJ Luian,8286203.548669089,8286203.548669089,33144.81419467636,4734.973456382337,0.0,4734.973456382337,4734.973456382337,4734.973456382337,4734.973456382337,4734.973456382337,4734.973456382337,1183743.3640955843,0.0,1183743.3640955843,1183743.3640955843,1183743.3640955843,1183743.3640955843,1183743.3640955843,1183743.3640955843
Tay-K,Migos,8118765.999790418,8118765.999790418,32475.063999161677,5412.510666526946,5412.510666526946,5412.510666526946,0.0,5412.510666526946,0.0,5412.510666526946,5412.510666526946,1353127.6666317366,1353127.6666317366,1353127.6666317366,0.0,1353127.6666317366,0.0,1353127.6666317366,1353127.6666317366
Octavian,M.O,8032164.198810812,8032164.198810812,32128.65679524325,4016.082099405406,4016.082099405406,4016.082099405406,4016.082099405406,4016.082099405406,4016.082099405406,4016.082099405406,4016.082099405406,1004020.5248513515,1004020.5248513515,1004020.5248513515,1004020.5248513515,1004020.5248513515,1004020.5248513515,1004020.5248513515,1004020.5248513515
Lotto Boyzz,Octavian,8032164.198810812,8032164.198810812,32128.65679524325,4016.082099405406,4016.082099405406,4016.082099405406,4016.082099405406,4016.082099405406,4016.082099405406,4016.082099405406,4016.082099405406,1004020.5248513515,1004020.5248513515,1004020.5248513515,1004020.5248513515,1004020.5248513515,1004020.5248513515,1004020.5248513515,1004020.5248513515
Tyga,YBN Nahmir,8030108.291906003,8030108.291906003,32120.43316762401,4588.633309660573,0.0,4588.633309660573,4588.633309660573,4588.633309660573,4588.633309660573,4588.633309660573,4588.633309660573,1147158.3274151431,0.0,1147158.3274151431,1147158.3274151431,1147158.3274151431,1147158.3274151431,1147158.3274151431,1147158.3274151431
Riccardo,Mozzik,7890426.60509068,7890426.60509068,31561.706420362723,0.0,6312.341284072545,6312.341284072545,0.0,6312.341284072545,0.0,6312.341284072545,6312.341284072545,0.0,1578085.321018136,1578085.321018136,0.0,1578085.321018136,0.0,1578085.321018136,1578085.321018136
Darell,Wisin,7836593.598528725,7836593.598528725,31346.3743941149,0.0,5224.395732352484,5224.395732352484,5224.395732352484,5224.395732352484,0.0,5224.395732352484,5224.395732352484,0.0,1306098.933088121,1306098.933088121,1306098.933088121,1306098.933088121,0.0,1306098.933088121,1306098.933088121
Darell,Zion,7836593.598528725,7836593.598528725,31346.3743941149,0.0,5224.395732352484,5224.395732352484,5224.395732352484,5224.395732352484,0.0,5224.395732352484,5224.395732352484,0.0,1306098.933088121,1306098.933088121,1306098.933088121,1306098.933088121,0.0,1306098.933088121,1306098.933088121
Darell,Feid,7836593.598528725,7836593.598528725,31346.3743941149,0.0,5224.395732352484,5224.395732352484,5224.395732352484,5224.395732352484,0.0,5224.395732352484,5224.395732352484,0.0,1306098.933088121,1306098.933088121,1306098.933088121,1306098.933088121,0.0,1306098.933088121,1306098.933088121
Justin Quiles,Darell,7836593.598528725,7836593.598528725,31346.3743941149,0.0,5224.395732352484,5224.395732352484,5224.395732352484,5224.395732352484,0.0,5224.395732352484,5224.395732352484,0.0,1306098.933088121,1306098.933088121,1306098.933088121,1306098.933088121,0.0,1306098.933088121,1306098.933088121
Dalmata,Cauty,7811883.690233556,7811883.690233556,31247.534760934224,0.0,5207.922460155704,5207.922460155704,5207.922460155704,5207.922460155704,0.0,5207.922460155704,5207.922460155704,0.0,1301980.615038926,1301980.615038926,1301980.615038926,1301980.615038926,0.0,1301980.615038926,1301980.615038926
Stunna 4 Vegas,Pi’erre Bourne,7810307.117123608,7810307.117123608,31241.22846849443,4463.032638356347,0.0,4463.032638356347,4463.032638356347,4463.032638356347,4463.032638356347,4463.032638356347,4463.032638356347,1115758.1595890867,0.0,1115758.1595890867,1115758.1595890867,1115758.1595890867,1115758.1595890867,1115758.1595890867,1115758.1595890867
N.E.R.D,Ashanti,7809058.435943731,7809058.435943731,31236.233743774927,4462.319106253561,0.0,4462.319106253561,4462.319106253561,4462.319106253561,4462.319106253561,4462.319106253561,4462.319106253561,1115579.7765633902,0.0,1115579.7765633902,1115579.7765633902,1115579.7765633902,1115579.7765633902,1115579.7765633902,1115579.7765633902
Justin Quiles,Feid,7795711.014595424,7795711.014595424,31182.844058381696,0.0,5197.140676396949,5197.140676396949,5197.140676396949,5197.140676396949,0.0,5197.140676396949,5197.140676396949,0.0,1299285.1690992373,1299285.1690992373,1299285.1690992373,1299285.1690992373,0.0,1299285.1690992373,1299285.1690992373
Justin Quiles,Wisin,7795711.014595424,7795711.014595424,31182.844058381696,0.0,5197.140676396949,5197.140676396949,5197.140676396949,5197.140676396949,0.0,5197.140676396949,5197.140676396949,0.0,1299285.1690992373,1299285.1690992373,1299285.1690992373,1299285.1690992373,0.0,1299285.1690992373,1299285.1690992373
Justin Quiles,Zion,7795711.014595424,7795711.014595424,31182.844058381696,0.0,5197.140676396949,5197.140676396949,5197.140676396949,5197.140676396949,0.0,5197.140676396949,5197.140676396949,0.0,1299285.1690992373,1299285.1690992373,1299285.1690992373,1299285.1690992373,0.0,1299285.1690992373,1299285.1690992373
Feid,Zion,7795711.014595424,7795711.014595424,31182.844058381696,0.0,5197.140676396949,5197.140676396949,5197.140676396949,5197.140676396949,0.0,5197.140676396949,5197.140676396949,0.0,1299285.1690992373,1299285.1690992373,1299285.1690992373,1299285.1690992373,0.0,1299285.1690992373,1299285.1690992373
Wisin,Zion,7795711.014595424,7795711.014595424,31182.844058381696,0.0,5197.140676396949,5197.140676396949,5197.140676396949,5197.140676396949,0.0,5197.140676396949,5197.140676396949,0.0,1299285.1690992373,1299285.1690992373,1299285.1690992373,1299285.1690992373,0.0,1299285.1690992373,1299285.1690992373
Feid,Wisin,7795711.014595424,7795711.014595424,31182.844058381696,0.0,5197.140676396949,5197.140676396949,5197.140676396949,5197.140676396949,0.0,5197.140676396949,5197.140676396949,0.0,1299285.1690992373,1299285.1690992373,1299285.1690992373,1299285.1690992373,0.0,1299285.1690992373,1299285.1690992373
Caballero & JeanJass,Rohff,7689697.20333413,7689697.20333413,30758.788813336523,4394.112687619503,0.0,4394.112687619503,4394.112687619503,4394.112687619503,4394.112687619503,4394.112687619503,4394.112687619503,1098528.1719048757,0.0,1098528.1719048757,1098528.1719048757,1098528.1719048757,1098528.1719048757,1098528.1719048757,1098528.1719048757
MZ,ICO,7689697.20333413,7689697.20333413,30758.788813336523,4394.112687619503,0.0,4394.112687619503,4394.112687619503,4394.112687619503,4394.112687619503,4394.112687619503,4394.112687619503,1098528.1719048757,0.0,1098528.1719048757,1098528.1719048757,1098528.1719048757,1098528.1719048757,1098528.1719048757,1098528.1719048757
A-Trak,Zedd,7643919.574281224,7643919.574281224,30575.678297124898,4367.954042446414,0.0,4367.954042446414,4367.954042446414,4367.954042446414,4367.954042446414,4367.954042446414,4367.954042446414,1091988.5106116035,0.0,1091988.5106116035,1091988.5106116035,1091988.5106116035,1091988.5106116035,1091988.5106116035,1091988.5106116035
Feid,ChocQuibTown,7603494.563940418,7603494.563940418,30413.97825576167,0.0,5068.996375960279,5068.996375960279,5068.996375960279,5068.996375960279,0.0,5068.996375960279,5068.996375960279,0.0,1267249.0939900696,1267249.0939900696,1267249.0939900696,1267249.0939900696,0.0,1267249.0939900696,1267249.0939900696
Justin Quiles,ChocQuibTown,7603494.563940418,7603494.563940418,30413.97825576167,0.0,5068.996375960279,5068.996375960279,5068.996375960279,5068.996375960279,0.0,5068.996375960279,5068.996375960279,0.0,1267249.0939900696,1267249.0939900696,1267249.0939900696,1267249.0939900696,0.0,1267249.0939900696,1267249.0939900696
Zion,ChocQuibTown,7603494.563940418,7603494.563940418,30413.97825576167,0.0,5068.996375960279,5068.996375960279,5068.996375960279,5068.996375960279,0.0,5068.996375960279,5068.996375960279,0.0,1267249.0939900696,1267249.0939900696,1267249.0939900696,1267249.0939900696,0.0,1267249.0939900696,1267249.0939900696
Wisin,ChocQuibTown,7603494.563940418,7603494.563940418,30413.97825576167,0.0,5068.996375960279,5068.996375960279,5068.996375960279,5068.996375960279,0.0,5068.996375960279,5068.996375960279,0.0,1267249.0939900696,1267249.0939900696,1267249.0939900696,1267249.0939900696,0.0,1267249.0939900696,1267249.0939900696
Caballero & JeanJass,Scridge,7423615.999977924,7423615.999977924,29694.46399991169,4242.0662857016705,0.0,4242.0662857016705,4242.0662857016705,4242.0662857016705,4242.0662857016705,4242.0662857016705,4242.0662857016705,1060516.5714254177,0.0,1060516.5714254177,1060516.5714254177,1060516.5714254177,1060516.5714254177,1060516.5714254177,1060516.5714254177
Chris Jeday,Jhay Cortez,7391428.255483786,7391428.255483786,29565.713021935146,4927.618836989191,4927.618836989191,0.0,4927.618836989191,4927.618836989191,4927.618836989191,4927.618836989191,0.0,1231904.7092472976,1231904.7092472976,0.0,1231904.7092472976,1231904.7092472976,1231904.7092472976,1231904.7092472976,0.0
Ardian Bujupi,257ers,7370126.610592636,7370126.610592636,29480.506442370544,4913.417740395091,0.0,4913.417740395091,4913.417740395091,4913.417740395091,4913.417740395091,4913.417740395091,0.0,1228354.4350987726,0.0,1228354.4350987726,1228354.4350987726,1228354.4350987726,1228354.4350987726,1228354.4350987726,0.0
Dalex,Chencho Corleone,7306457.8656773055,7306457.8656773055,29225.831462709222,0.0,5845.166292541844,5845.166292541844,0.0,5845.166292541844,0.0,5845.166292541844,5845.166292541844,0.0,1461291.573135461,1461291.573135461,0.0,1461291.573135461,0.0,1461291.573135461,1461291.573135461
Dimelo Flow,Chencho Corleone,7306457.8656773055,7306457.8656773055,29225.831462709222,0.0,5845.166292541844,5845.166292541844,0.0,5845.166292541844,0.0,5845.166292541844,5845.166292541844,0.0,1461291.573135461,1461291.573135461,0.0,1461291.573135461,0.0,1461291.573135461,1461291.573135461
Dimelo Flow,Lenny Tavárez,7306457.8656773055,7306457.8656773055,29225.831462709222,0.0,5845.166292541844,5845.166292541844,0.0,5845.166292541844,0.0,5845.166292541844,5845.166292541844,0.0,1461291.573135461,1461291.573135461,0.0,1461291.573135461,0.0,1461291.573135461,1461291.573135461
Dimelo Flow,Juhn,7306457.8656773055,7306457.8656773055,29225.831462709222,0.0,5845.166292541844,5845.166292541844,0.0,5845.166292541844,0.0,5845.166292541844,5845.166292541844,0.0,1461291.573135461,1461291.573135461,0.0,1461291.573135461,0.0,1461291.573135461,1461291.573135461
Juhn,Chencho Corleone,7306457.8656773055,7306457.8656773055,29225.831462709222,0.0,5845.166292541844,5845.166292541844,0.0,5845.166292541844,0.0,5845.166292541844,5845.166292541844,0.0,1461291.573135461,1461291.573135461,0.0,1461291.573135461,0.0,1461291.573135461,1461291.573135461
Juhn,Lenny Tavárez,7306457.8656773055,7306457.8656773055,29225.831462709222,0.0,5845.166292541844,5845.166292541844,0.0,5845.166292541844,0.0,5845.166292541844,5845.166292541844,0.0,1461291.573135461,1461291.573135461,0.0,1461291.573135461,0.0,1461291.573135461,1461291.573135461
Dalex,Juhn,7306457.8656773055,7306457.8656773055,29225.831462709222,0.0,5845.166292541844,5845.166292541844,0.0,5845.166292541844,0.0,5845.166292541844,5845.166292541844,0.0,1461291.573135461,1461291.573135461,0.0,1461291.573135461,0.0,1461291.573135461,1461291.573135461
Dalex,Dimelo Flow,7306457.8656773055,7306457.8656773055,29225.831462709222,0.0,5845.166292541844,5845.166292541844,0.0,5845.166292541844,0.0,5845.166292541844,5845.166292541844,0.0,1461291.573135461,1461291.573135461,0.0,1461291.573135461,0.0,1461291.573135461,1461291.573135461
Lenny Tavárez,Chencho Corleone,7306457.8656773055,7306457.8656773055,29225.831462709222,0.0,5845.166292541844,5845.166292541844,0.0,5845.166292541844,0.0,5845.166292541844,5845.166292541844,0.0,1461291.573135461,1461291.573135461,0.0,1461291.573135461,0.0,1461291.573135461,1461291.573135461
Dalex,Lenny Tavárez,7306457.8656773055,7306457.8656773055,29225.831462709222,0.0,5845.166292541844,5845.166292541844,0.0,5845.166292541844,0.0,5845.166292541844,5845.166292541844,0.0,1461291.573135461,1461291.573135461,0.0,1461291.573135461,0.0,1461291.573135461,1461291.573135461
Arcangel,Nacho,7304730.223413707,7304730.223413707,29218.920893654828,4869.820148942471,4869.820148942471,0.0,4869.820148942471,4869.820148942471,4869.820148942471,4869.820148942471,0.0,1217455.0372356176,1217455.0372356176,0.0,1217455.0372356176,1217455.0372356176,1217455.0372356176,1217455.0372356176,0.0
L.E.J,Keen' V,7283998.290221618,7283998.290221618,29135.993160886475,4162.284737269497,4162.284737269497,4162.284737269497,4162.284737269497,4162.284737269497,4162.284737269497,4162.284737269497,0.0,1040571.1843173743,1040571.1843173743,1040571.1843173743,1040571.1843173743,1040571.1843173743,1040571.1843173743,1040571.1843173743,0.0
Gringo,Cali Y El Dandee,7187528.43329903,7187528.43329903,28750.11373319612,4791.685622199354,4791.685622199354,0.0,4791.685622199354,4791.685622199354,4791.685622199354,4791.685622199354,0.0,1197921.4055498384,1197921.4055498384,0.0,1197921.4055498384,1197921.4055498384,1197921.4055498384,1197921.4055498384,0.0
Darell,Manuel Turizo,7149050.597420824,7149050.597420824,28596.20238968329,0.0,4766.033731613882,4766.033731613882,4766.033731613882,4766.033731613882,0.0,4766.033731613882,4766.033731613882,0.0,1191508.4329034705,1191508.4329034705,1191508.4329034705,1191508.4329034705,0.0,1191508.4329034705,1191508.4329034705
Chris Jeday,Arcangel,7126342.252896521,7126342.252896521,28505.369011586085,4750.894835264347,4750.894835264347,0.0,4750.894835264347,4750.894835264347,4750.894835264347,4750.894835264347,0.0,1187723.7088160869,1187723.7088160869,0.0,1187723.7088160869,1187723.7088160869,1187723.7088160869,1187723.7088160869,0.0
Justin Quiles,Manuel Turizo,7123213.514887567,7123213.514887567,28492.854059550267,0.0,4748.809009925045,4748.809009925045,4748.809009925045,4748.809009925045,0.0,4748.809009925045,4748.809009925045,0.0,1187202.2524812613,1187202.2524812613,1187202.2524812613,1187202.2524812613,0.0,1187202.2524812613,1187202.2524812613
Wisin,Manuel Turizo,7123213.514887567,7123213.514887567,28492.854059550267,0.0,4748.809009925045,4748.809009925045,4748.809009925045,4748.809009925045,0.0,4748.809009925045,4748.809009925045,0.0,1187202.2524812613,1187202.2524812613,1187202.2524812613,1187202.2524812613,0.0,1187202.2524812613,1187202.2524812613
Feid,Manuel Turizo,7123213.514887567,7123213.514887567,28492.854059550267,0.0,4748.809009925045,4748.809009925045,4748.809009925045,4748.809009925045,0.0,4748.809009925045,4748.809009925045,0.0,1187202.2524812613,1187202.2524812613,1187202.2524812613,1187202.2524812613,0.0,1187202.2524812613,1187202.2524812613
Zion,Manuel Turizo,7123213.514887567,7123213.514887567,28492.854059550267,0.0,4748.809009925045,4748.809009925045,4748.809009925045,4748.809009925045,0.0,4748.809009925045,4748.809009925045,0.0,1187202.2524812613,1187202.2524812613,1187202.2524812613,1187202.2524812613,0.0,1187202.2524812613,1187202.2524812613
Gringo,Leslie Grace,7051169.515282774,7051169.515282774,28204.678061131097,4700.7796768551825,4700.7796768551825,0.0,4700.7796768551825,4700.7796768551825,4700.7796768551825,4700.7796768551825,0.0,1175194.9192137956,1175194.9192137956,0.0,1175194.9192137956,1175194.9192137956,1175194.9192137956,1175194.9192137956,0.0
Cauty,Manuel Turizo,7006920.75271801,7006920.75271801,28027.68301087204,0.0,4671.280501812006,4671.280501812006,4671.280501812006,4671.280501812006,0.0,4671.280501812006,4671.280501812006,0.0,1167820.1254530016,1167820.1254530016,1167820.1254530016,1167820.1254530016,0.0,1167820.1254530016,1167820.1254530016
Lalo Ebratt,Reik,6972671.067036416,6972671.067036416,27890.684268145666,4648.447378024278,4648.447378024278,0.0,4648.447378024278,4648.447378024278,4648.447378024278,4648.447378024278,0.0,1162111.8445060696,1162111.8445060696,0.0,1162111.8445060696,1162111.8445060696,1162111.8445060696,1162111.8445060696,0.0
MadMan,Gemitaiz,6970177.21788961,6970177.21788961,27880.70887155844,0.0,4646.784811926406,4646.784811926406,4646.784811926406,4646.784811926406,0.0,4646.784811926406,4646.784811926406,0.0,1161696.2029816015,1161696.2029816015,1161696.2029816015,1161696.2029816015,0.0,1161696.2029816015,1161696.2029816015
Arcangel,IAmChino,6731322.705643628,6731322.705643628,26925.290822574512,4487.548470429086,4487.548470429086,0.0,4487.548470429086,4487.548470429086,4487.548470429086,4487.548470429086,0.0,1121887.1176072713,1121887.1176072713,0.0,1121887.1176072713,1121887.1176072713,1121887.1176072713,1121887.1176072713,0.0
Shindy,Sero El Mero,6685111.57548271,6685111.57548271,26740.44630193084,4456.741050321806,4456.741050321806,0.0,4456.741050321806,4456.741050321806,4456.741050321806,4456.741050321806,0.0,1114185.2625804516,1114185.2625804516,0.0,1114185.2625804516,1114185.2625804516,1114185.2625804516,1114185.2625804516,0.0
Rita Ora,A$AP Rocky,6608621.375360476,6608621.375360476,26434.485501441904,4405.74758357365,0.0,4405.74758357365,4405.74758357365,4405.74758357365,4405.74758357365,4405.74758357365,0.0,1101436.8958934126,0.0,1101436.8958934126,1101436.8958934126,1101436.8958934126,1101436.8958934126,1101436.8958934126,0.0
Grace VanderWaal,DJ Snake,6587450.448345128,6587450.448345128,26349.801793380517,0.0,5269.960358676103,5269.960358676103,0.0,5269.960358676103,0.0,5269.960358676103,5269.960358676103,0.0,1317490.0896690257,1317490.0896690257,0.0,1317490.0896690257,0.0,1317490.0896690257,1317490.0896690257
Loyle Carner,Sneakbo,6567310.407993755,6567310.407993755,26269.241631975023,4378.2069386625035,0.0,4378.2069386625035,4378.2069386625035,4378.2069386625035,4378.2069386625035,4378.2069386625035,0.0,1094551.734665626,0.0,1094551.734665626,1094551.734665626,1094551.734665626,1094551.734665626,1094551.734665626,0.0
Psirico,Nego do Borel,6562842.724287692,6562842.724287692,26251.37089715077,0.0,4375.228482858462,4375.228482858462,4375.228482858462,4375.228482858462,0.0,4375.228482858462,4375.228482858462,0.0,1093807.1207146153,1093807.1207146153,1093807.1207146153,1093807.1207146153,0.0,1093807.1207146153,1093807.1207146153
Leslie Grace,Greeicy,6551138.814991048,6551138.814991048,26204.555259964192,4367.425876660699,4367.425876660699,0.0,4367.425876660699,4367.425876660699,4367.425876660699,4367.425876660699,0.0,1091856.4691651748,1091856.4691651748,0.0,1091856.4691651748,1091856.4691651748,1091856.4691651748,1091856.4691651748,0.0
Bryant Myers,Becky G,6458047.520517076,6458047.520517076,25832.190082068308,4305.365013678052,4305.365013678052,0.0,4305.365013678052,4305.365013678052,4305.365013678052,4305.365013678052,0.0,1076341.2534195129,1076341.2534195129,0.0,1076341.2534195129,1076341.2534195129,1076341.2534195129,1076341.2534195129,0.0
Will Smith,50 Cent,6423554.548404925,6423554.548404925,25694.218193619698,4282.369698936616,4282.369698936616,0.0,4282.369698936616,4282.369698936616,4282.369698936616,4282.369698936616,0.0,1070592.424734154,1070592.424734154,0.0,1070592.424734154,1070592.424734154,1070592.424734154,1070592.424734154,0.0
Piso 21,Sofia Reyes,6402569.03502385,6402569.03502385,25610.2761400954,5122.0552280190805,0.0,0.0,5122.0552280190805,5122.0552280190805,5122.0552280190805,5122.0552280190805,0.0,1280513.80700477,0.0,0.0,1280513.80700477,1280513.80700477,1280513.80700477,1280513.80700477,0.0
50 Cent,Jason Derulo,6384459.441798967,6384459.441798967,25537.83776719587,4256.306294532645,4256.306294532645,0.0,4256.306294532645,4256.306294532645,4256.306294532645,4256.306294532645,0.0,1064076.5736331611,1064076.5736331611,0.0,1064076.5736331611,1064076.5736331611,1064076.5736331611,1064076.5736331611,0.0
Flo Rida,Cardi B,6344856.449260681,6344856.449260681,25379.425797042724,4229.90429950712,4229.90429950712,0.0,4229.90429950712,4229.90429950712,4229.90429950712,4229.90429950712,0.0,1057476.0748767802,1057476.0748767802,0.0,1057476.0748767802,1057476.0748767802,1057476.0748767802,1057476.0748767802,0.0
2zer,Lacrim,6339544.585143041,6339544.585143041,25358.178340572165,4226.363056762028,4226.363056762028,0.0,4226.363056762028,4226.363056762028,4226.363056762028,4226.363056762028,0.0,1056590.764190507,1056590.764190507,0.0,1056590.764190507,1056590.764190507,1056590.764190507,1056590.764190507,0.0
Rak-Su,Gwen Stefani,6334322.75772792,6334322.75772792,25337.29103091168,4222.88183848528,4222.88183848528,0.0,4222.88183848528,4222.88183848528,4222.88183848528,4222.88183848528,0.0,1055720.45962132,1055720.45962132,0.0,1055720.45962132,1055720.45962132,1055720.45962132,1055720.45962132,0.0
Brudi030,Noah,6323765.701805703,6323765.701805703,25295.062807222814,4215.843801203802,0.0,4215.843801203802,4215.843801203802,4215.843801203802,4215.843801203802,4215.843801203802,0.0,1053960.9503009506,0.0,1053960.9503009506,1053960.9503009506,1053960.9503009506,1053960.9503009506,1053960.9503009506,0.0
Louis The Child,Oh Wonder,6292531.088130232,6292531.088130232,25170.12435252093,4195.020725420155,0.0,4195.020725420155,4195.020725420155,4195.020725420155,4195.020725420155,4195.020725420155,0.0,1048755.1813550387,0.0,1048755.1813550387,1048755.1813550387,1048755.1813550387,1048755.1813550387,1048755.1813550387,0.0
Wolfine,Abraham Mateo,6252285.564735907,6252285.564735907,25009.14225894363,4168.190376490605,4168.190376490605,0.0,4168.190376490605,4168.190376490605,4168.190376490605,4168.190376490605,0.0,1042047.5941226511,1042047.5941226511,0.0,1042047.5941226511,1042047.5941226511,1042047.5941226511,1042047.5941226511,0.0
Wolfine,Christian Daniel,6252285.564735907,6252285.564735907,25009.14225894363,4168.190376490605,4168.190376490605,0.0,4168.190376490605,4168.190376490605,4168.190376490605,4168.190376490605,0.0,1042047.5941226511,1042047.5941226511,0.0,1042047.5941226511,1042047.5941226511,1042047.5941226511,1042047.5941226511,0.0
ChocQuibTown,Amenazzy,6185621.718640135,6185621.718640135,24742.486874560534,0.0,4123.747812426755,4123.747812426755,4123.747812426755,4123.747812426755,0.0,4123.747812426755,4123.747812426755,0.0,1030936.9531066888,1030936.9531066888,1030936.9531066888,1030936.9531066888,0.0,1030936.9531066888,1030936.9531066888
Mozzik,Trippie Boi,6147432.747011212,6147432.747011212,24589.73098804485,0.0,4917.94619760897,4917.94619760897,0.0,4917.94619760897,0.0,4917.94619760897,4917.94619760897,0.0,1229486.5494022423,1229486.5494022423,0.0,1229486.5494022423,0.0,1229486.5494022423,1229486.5494022423
Gringo,Lalo Ebratt,6112256.083584219,6112256.083584219,24449.02433433688,4074.8373890561465,4074.8373890561465,0.0,4074.8373890561465,4074.8373890561465,4074.8373890561465,4074.8373890561465,0.0,1018709.3472640367,1018709.3472640367,0.0,1018709.3472640367,1018709.3472640367,1018709.3472640367,1018709.3472640367,0.0
Aitana,Natti Natasha,6098658.783355167,6098658.783355167,24394.63513342067,0.0,4065.7725222367785,4065.7725222367785,4065.7725222367785,4065.7725222367785,0.0,4065.7725222367785,4065.7725222367785,0.0,1016443.1305591946,1016443.1305591946,1016443.1305591946,1016443.1305591946,0.0,1016443.1305591946,1016443.1305591946
Mau y Ricky,Guaynaa,6098244.957235452,6098244.957235452,24392.979828941807,4065.496638156968,4065.496638156968,0.0,4065.496638156968,4065.496638156968,4065.496638156968,4065.496638156968,0.0,1016374.1595392419,1016374.1595392419,0.0,1016374.1595392419,1016374.1595392419,1016374.1595392419,1016374.1595392419,0.0
Piso 21,Shakira,6076048.853028178,6076048.853028178,24304.195412112716,4860.8390824225435,0.0,0.0,4860.8390824225435,4860.8390824225435,4860.8390824225435,4860.8390824225435,0.0,1215209.7706056358,0.0,0.0,1215209.7706056358,1215209.7706056358,1215209.7706056358,1215209.7706056358,0.0
Thalía,Sebastian Yatra,6064325.602896743,6064325.602896743,24257.30241158697,4042.883735264495,4042.883735264495,0.0,4042.883735264495,4042.883735264495,4042.883735264495,4042.883735264495,0.0,1010720.9338161238,1010720.9338161238,0.0,1010720.9338161238,1010720.9338161238,1010720.9338161238,1010720.9338161238,0.0
Gringo,De La Ghetto,6050071.550071652,6050071.550071652,24200.28620028661,4033.3810333811016,4033.3810333811016,0.0,4033.3810333811016,4033.3810333811016,4033.3810333811016,4033.3810333811016,0.0,1008345.2583452754,1008345.2583452754,0.0,1008345.2583452754,1008345.2583452754,1008345.2583452754,1008345.2583452754,0.0
Adrian Eagle,Meg Mac,6049719.119337028,6049719.119337028,24198.876477348116,4839.775295469623,0.0,0.0,4839.775295469623,4839.775295469623,4839.775295469623,4839.775295469623,0.0,1209943.8238674058,0.0,0.0,1209943.8238674058,1209943.8238674058,1209943.8238674058,1209943.8238674058,0.0
Farruko,Guaynaa,6046387.804686475,6046387.804686475,24185.5512187459,4030.9252031243163,4030.9252031243163,0.0,4030.9252031243163,4030.9252031243163,4030.9252031243163,4030.9252031243163,0.0,1007731.3007810791,1007731.3007810791,0.0,1007731.3007810791,1007731.3007810791,1007731.3007810791,1007731.3007810791,0.0
Rauw Alejandro,Guaynaa,6046387.804686475,6046387.804686475,24185.5512187459,4030.9252031243163,4030.9252031243163,0.0,4030.9252031243163,4030.9252031243163,4030.9252031243163,4030.9252031243163,0.0,1007731.3007810791,1007731.3007810791,0.0,1007731.3007810791,1007731.3007810791,1007731.3007810791,1007731.3007810791,0.0
YBN Cordae,Lil Baby,6019891.885347582,6019891.885347582,24079.56754139033,0.0,4815.913508278066,4815.913508278066,0.0,4815.913508278066,0.0,4815.913508278066,4815.913508278066,0.0,1203978.3770695163,1203978.3770695163,0.0,1203978.3770695163,0.0,1203978.3770695163,1203978.3770695163
YBN Cordae,Moneybagg Yo,6019891.885347582,6019891.885347582,24079.56754139033,0.0,4815.913508278066,4815.913508278066,0.0,4815.913508278066,0.0,4815.913508278066,4815.913508278066,0.0,1203978.3770695163,1203978.3770695163,0.0,1203978.3770695163,0.0,1203978.3770695163,1203978.3770695163
Flo Rida,Shaggy,6006467.44645429,6006467.44645429,24025.86978581716,4805.1739571634325,0.0,0.0,4805.1739571634325,4805.1739571634325,4805.1739571634325,4805.1739571634325,0.0,1201293.4892908582,0.0,0.0,1201293.4892908582,1201293.4892908582,1201293.4892908582,1201293.4892908582,0.0
Tyga,Flo Rida,5987125.862038839,5987125.862038839,23948.50344815536,4789.700689631072,0.0,0.0,4789.700689631072,4789.700689631072,4789.700689631072,4789.700689631072,0.0,1197425.172407768,0.0,0.0,1197425.172407768,1197425.172407768,1197425.172407768,1197425.172407768,0.0
Greeicy,Sebastian Yatra,5953436.10401195,5953436.10401195,23813.7444160478,3968.9574026746336,3968.9574026746336,0.0,3968.9574026746336,3968.9574026746336,3968.9574026746336,3968.9574026746336,0.0,992239.3506686584,992239.3506686584,0.0,992239.3506686584,992239.3506686584,992239.3506686584,992239.3506686584,0.0
Bryant Myers,Messiah,5951842.096079575,5951842.096079575,23807.3683843183,3967.8947307197163,3967.8947307197163,0.0,3967.8947307197163,3967.8947307197163,3967.8947307197163,3967.8947307197163,0.0,991973.6826799291,991973.6826799291,0.0,991973.6826799291,991973.6826799291,991973.6826799291,991973.6826799291,0.0
Blackstreet,Pharrell Williams,5926411.784218121,5926411.784218121,23705.647136872485,3950.9411894787477,3950.9411894787477,0.0,3950.9411894787477,3950.9411894787477,3950.9411894787477,3950.9411894787477,0.0,987735.2973696869,987735.2973696869,0.0,987735.2973696869,987735.2973696869,987735.2973696869,987735.2973696869,0.0
Big Sean,Blackstreet,5926411.784218121,5926411.784218121,23705.647136872485,3950.9411894787477,3950.9411894787477,0.0,3950.9411894787477,3950.9411894787477,3950.9411894787477,3950.9411894787477,0.0,987735.2973696869,987735.2973696869,0.0,987735.2973696869,987735.2973696869,987735.2973696869,987735.2973696869,0.0
Dr. Dre,Big Sean,5926411.784218121,5926411.784218121,23705.647136872485,3950.9411894787477,3950.9411894787477,0.0,3950.9411894787477,3950.9411894787477,3950.9411894787477,3950.9411894787477,0.0,987735.2973696869,987735.2973696869,0.0,987735.2973696869,987735.2973696869,987735.2973696869,987735.2973696869,0.0
Anuel AA,Daddy Yankee,5915547.699675157,5915547.699675157,23662.190798700627,3943.6984664501047,3943.6984664501047,0.0,3943.6984664501047,3943.6984664501047,3943.6984664501047,3943.6984664501047,0.0,985924.6166125261,985924.6166125261,0.0,985924.6166125261,985924.6166125261,985924.6166125261,985924.6166125261,0.0
Ozuna,Anuel AA,5915547.699675157,5915547.699675157,23662.190798700627,3943.6984664501047,3943.6984664501047,0.0,3943.6984664501047,3943.6984664501047,3943.6984664501047,3943.6984664501047,0.0,985924.6166125261,985924.6166125261,0.0,985924.6166125261,985924.6166125261,985924.6166125261,985924.6166125261,0.0
Ozuna,Daddy Yankee,5915547.699675157,5915547.699675157,23662.190798700627,3943.6984664501047,3943.6984664501047,0.0,3943.6984664501047,3943.6984664501047,3943.6984664501047,3943.6984664501047,0.0,985924.6166125261,985924.6166125261,0.0,985924.6166125261,985924.6166125261,985924.6166125261,985924.6166125261,0.0
BHZ,Antilopen Gang,5882154.317123978,5882154.317123978,23528.617268495917,3921.4362114159862,3921.4362114159862,0.0,3921.4362114159862,3921.4362114159862,3921.4362114159862,3921.4362114159862,0.0,980359.0528539965,980359.0528539965,0.0,980359.0528539965,980359.0528539965,980359.0528539965,980359.0528539965,0.0
Bazzi,Cash Cash,5836380.149921829,5836380.149921829,23345.52059968732,3335.074371383903,0.0,3335.074371383903,3335.074371383903,3335.074371383903,3335.074371383903,3335.074371383903,3335.074371383903,833768.5928459757,0.0,833768.5928459757,833768.5928459757,833768.5928459757,833768.5928459757,833768.5928459757,833768.5928459757
Gringo,Ali471,5832200.812152325,5832200.812152325,23328.8032486093,4665.76064972186,0.0,0.0,4665.76064972186,4665.76064972186,4665.76064972186,4665.76064972186,0.0,1166440.162430465,0.0,0.0,1166440.162430465,1166440.162430465,1166440.162430465,1166440.162430465,0.0
Ali471,Trettmann,5832200.812152325,5832200.812152325,23328.8032486093,4665.76064972186,0.0,0.0,4665.76064972186,4665.76064972186,4665.76064972186,4665.76064972186,0.0,1166440.162430465,0.0,0.0,1166440.162430465,1166440.162430465,1166440.162430465,1166440.162430465,0.0
Ali471,KitschKrieg,5832200.812152325,5832200.812152325,23328.8032486093,4665.76064972186,0.0,0.0,4665.76064972186,4665.76064972186,4665.76064972186,4665.76064972186,0.0,1166440.162430465,0.0,0.0,1166440.162430465,1166440.162430465,1166440.162430465,1166440.162430465,0.0
Kevin Roldan,Maluma,5797164.269223553,5797164.269223553,23188.65707689421,4637.731415378842,0.0,0.0,4637.731415378842,4637.731415378842,4637.731415378842,4637.731415378842,0.0,1159432.8538447104,0.0,0.0,1159432.8538447104,1159432.8538447104,1159432.8538447104,1159432.8538447104,0.0
Bonde R300,Mc Gw,5792120.519965835,5792120.519965835,23168.48207986334,0.0,4633.696415972669,4633.696415972669,0.0,4633.696415972669,0.0,4633.696415972669,4633.696415972669,0.0,1158424.1039931672,1158424.1039931672,0.0,1158424.1039931672,0.0,1158424.1039931672,1158424.1039931672
OutKast,Frank Ocean,5783603.573720685,5783603.573720685,23134.414294882743,3855.7357158137906,3855.7357158137906,0.0,3855.7357158137906,3855.7357158137906,3855.7357158137906,3855.7357158137906,0.0,963933.9289534476,963933.9289534476,0.0,963933.9289534476,963933.9289534476,963933.9289534476,963933.9289534476,0.0
Dr. Dre,JAY-Z,5769742.569867855,5769742.569867855,23078.97027947142,3846.49504657857,3846.49504657857,0.0,3846.49504657857,3846.49504657857,3846.49504657857,3846.49504657857,0.0,961623.7616446425,961623.7616446425,0.0,961623.7616446425,961623.7616446425,961623.7616446425,961623.7616446425,0.0
Blackstreet,JAY-Z,5769742.569867855,5769742.569867855,23078.97027947142,3846.49504657857,3846.49504657857,0.0,3846.49504657857,3846.49504657857,3846.49504657857,3846.49504657857,0.0,961623.7616446425,961623.7616446425,0.0,961623.7616446425,961623.7616446425,961623.7616446425,961623.7616446425,0.0
Nariaki Obukuro,Yurufuwa Gang,5765143.45050504,5765143.45050504,23060.57380202016,3843.42896700336,3843.42896700336,0.0,3843.42896700336,3843.42896700336,3843.42896700336,3843.42896700336,0.0,960857.24175084,960857.24175084,0.0,960857.24175084,960857.24175084,960857.24175084,960857.24175084,0.0
Yurufuwa Gang,KEIJU,5765143.45050504,5765143.45050504,23060.57380202016,3843.42896700336,3843.42896700336,0.0,3843.42896700336,3843.42896700336,3843.42896700336,3843.42896700336,0.0,960857.24175084,960857.24175084,0.0,960857.24175084,960857.24175084,960857.24175084,960857.24175084,0.0
Blackstreet,Alesso,5751009.711407131,5751009.711407131,23004.03884562852,4600.807769125704,0.0,0.0,4600.807769125704,4600.807769125704,4600.807769125704,4600.807769125704,0.0,1150201.942281426,0.0,0.0,1150201.942281426,1150201.942281426,1150201.942281426,1150201.942281426,0.0
Blackstreet,Hailee Steinfeld,5751009.711407131,5751009.711407131,23004.03884562852,4600.807769125704,0.0,0.0,4600.807769125704,4600.807769125704,4600.807769125704,4600.807769125704,0.0,1150201.942281426,0.0,0.0,1150201.942281426,1150201.942281426,1150201.942281426,1150201.942281426,0.0
Farruko,Bryant Myers,5730503.798649423,5730503.798649423,22922.01519459769,3820.3358657662816,3820.3358657662816,0.0,3820.3358657662816,3820.3358657662816,3820.3358657662816,3820.3358657662816,0.0,955083.9664415704,955083.9664415704,0.0,955083.9664415704,955083.9664415704,955083.9664415704,955083.9664415704,0.0
Rauw Alejandro,Bryant Myers,5730503.798649423,5730503.798649423,22922.01519459769,3820.3358657662816,3820.3358657662816,0.0,3820.3358657662816,3820.3358657662816,3820.3358657662816,3820.3358657662816,0.0,955083.9664415704,955083.9664415704,0.0,955083.9664415704,955083.9664415704,955083.9664415704,955083.9664415704,0.0
Christian Daniel,Guaynaa,5700117.278840908,5700117.278840908,22800.46911536363,3800.0781858939386,3800.0781858939386,0.0,3800.0781858939386,3800.0781858939386,3800.0781858939386,3800.0781858939386,0.0,950019.5464734846,950019.5464734846,0.0,950019.5464734846,950019.5464734846,950019.5464734846,950019.5464734846,0.0
Abraham Mateo,Guaynaa,5700117.278840908,5700117.278840908,22800.46911536363,3800.0781858939386,3800.0781858939386,0.0,3800.0781858939386,3800.0781858939386,3800.0781858939386,3800.0781858939386,0.0,950019.5464734846,950019.5464734846,0.0,950019.5464734846,950019.5464734846,950019.5464734846,950019.5464734846,0.0
YBN Cordae,Bryce Vine,5691760.546819551,5691760.546819551,22767.042187278203,0.0,4553.4084374556405,4553.4084374556405,0.0,4553.4084374556405,0.0,4553.4084374556405,4553.4084374556405,0.0,1138352.10936391,1138352.10936391,0.0,1138352.10936391,0.0,1138352.10936391,1138352.10936391
SALU,STEADY&CO.,5690379.073215663,5690379.073215663,22761.51629286265,0.0,4552.30325857253,4552.30325857253,0.0,4552.30325857253,0.0,4552.30325857253,4552.30325857253,0.0,1138075.8146431323,1138075.8146431323,0.0,1138075.8146431323,0.0,1138075.8146431323,1138075.8146431323
DJ Luian,Chris Jeday,5632392.612898576,5632392.612898576,22529.570451594303,4505.914090318861,0.0,0.0,4505.914090318861,4505.914090318861,4505.914090318861,4505.914090318861,0.0,1126478.5225797151,0.0,0.0,1126478.5225797151,1126478.5225797151,1126478.5225797151,1126478.5225797151,0.0
Brytiago,Chris Jeday,5632392.612898576,5632392.612898576,22529.570451594303,4505.914090318861,0.0,0.0,4505.914090318861,4505.914090318861,4505.914090318861,4505.914090318861,0.0,1126478.5225797151,0.0,0.0,1126478.5225797151,1126478.5225797151,1126478.5225797151,1126478.5225797151,0.0
Mambo Kingz,Chris Jeday,5632392.612898576,5632392.612898576,22529.570451594303,4505.914090318861,0.0,0.0,4505.914090318861,4505.914090318861,4505.914090318861,4505.914090318861,0.0,1126478.5225797151,0.0,0.0,1126478.5225797151,1126478.5225797151,1126478.5225797151,1126478.5225797151,0.0
Bizarrap,Nicki Nicole,5630046.606430632,5630046.606430632,22520.186425722528,3217.1694893889326,0.0,3217.1694893889326,3217.1694893889326,3217.1694893889326,3217.1694893889326,3217.1694893889326,3217.1694893889326,804292.3723472331,0.0,804292.3723472331,804292.3723472331,804292.3723472331,804292.3723472331,804292.3723472331,804292.3723472331
Cali Y El Dandee,Haze,5628079.416783157,5628079.416783157,22512.31766713263,3752.052944522105,3752.052944522105,0.0,3752.052944522105,3752.052944522105,3752.052944522105,3752.052944522105,0.0,938013.2361305263,938013.2361305263,0.0,938013.2361305263,938013.2361305263,938013.2361305263,938013.2361305263,0.0
Haze,Maite Perroni,5628079.416783157,5628079.416783157,22512.31766713263,3752.052944522105,3752.052944522105,0.0,3752.052944522105,3752.052944522105,3752.052944522105,3752.052944522105,0.0,938013.2361305263,938013.2361305263,0.0,938013.2361305263,938013.2361305263,938013.2361305263,938013.2361305263,0.0
Gloria Groove,Mahalia,5626848.8785109855,5626848.8785109855,22507.395514043943,3751.2325856739903,3751.2325856739903,0.0,3751.2325856739903,3751.2325856739903,3751.2325856739903,3751.2325856739903,0.0,937808.1464184975,937808.1464184975,0.0,937808.1464184975,937808.1464184975,937808.1464184975,937808.1464184975,0.0
Rauw Alejandro,Mario Bautista,5626626.635742149,5626626.635742149,22506.5065429686,4501.30130859372,0.0,0.0,4501.30130859372,4501.30130859372,4501.30130859372,4501.30130859372,0.0,1125325.32714843,0.0,0.0,1125325.32714843,1125325.32714843,1125325.32714843,1125325.32714843,0.0
Farruko,Mario Bautista,5626626.635742149,5626626.635742149,22506.5065429686,4501.30130859372,0.0,0.0,4501.30130859372,4501.30130859372,4501.30130859372,4501.30130859372,0.0,1125325.32714843,0.0,0.0,1125325.32714843,1125325.32714843,1125325.32714843,1125325.32714843,0.0
Ashanti,Ricky Martin,5608267.190137217,5608267.190137217,22433.068760548867,4486.6137521097735,0.0,0.0,4486.6137521097735,4486.6137521097735,4486.6137521097735,4486.6137521097735,0.0,1121653.4380274434,0.0,0.0,1121653.4380274434,1121653.4380274434,1121653.4380274434,1121653.4380274434,0.0
Kevin Roldan,Romeo Santos,5591370.59262056,5591370.59262056,22365.48237048224,4473.096474096448,0.0,0.0,4473.096474096448,4473.096474096448,4473.096474096448,4473.096474096448,0.0,1118274.118524112,0.0,0.0,1118274.118524112,1118274.118524112,1118274.118524112,1118274.118524112,0.0
The Faim,AJR,5579630.749577142,5579630.749577142,22318.52299830857,0.0,5579.6307495771425,5579.6307495771425,0.0,0.0,0.0,5579.6307495771425,5579.6307495771425,0.0,1394907.6873942856,1394907.6873942856,0.0,0.0,0.0,1394907.6873942856,1394907.6873942856
Bryant Myers,Myke Towers,5522547.434146097,5522547.434146097,22090.189736584387,4418.037947316878,0.0,0.0,4418.037947316878,4418.037947316878,4418.037947316878,4418.037947316878,0.0,1104509.4868292194,0.0,0.0,1104509.4868292194,1104509.4868292194,1104509.4868292194,1104509.4868292194,0.0
Leslie Grace,Becky G,5505367.286921106,5505367.286921106,22021.469147684427,3670.2448579474044,3670.2448579474044,0.0,3670.2448579474044,3670.2448579474044,3670.2448579474044,3670.2448579474044,0.0,917561.2144868511,917561.2144868511,0.0,917561.2144868511,917561.2144868511,917561.2144868511,917561.2144868511,0.0
SDP,LX,5490870.971440482,5490870.971440482,21963.48388576193,4392.696777152386,0.0,0.0,4392.696777152386,4392.696777152386,4392.696777152386,4392.696777152386,0.0,1098174.1942880964,0.0,0.0,1098174.1942880964,1098174.1942880964,1098174.1942880964,1098174.1942880964,0.0
SDP,Sa4,5490870.971440482,5490870.971440482,21963.48388576193,4392.696777152386,0.0,0.0,4392.696777152386,4392.696777152386,4392.696777152386,4392.696777152386,0.0,1098174.1942880964,0.0,0.0,1098174.1942880964,1098174.1942880964,1098174.1942880964,1098174.1942880964,0.0
Mariah Carey,Olly Murs,5486835.753873909,5486835.753873909,21947.34301549564,0.0,5486.83575387391,5486.83575387391,0.0,0.0,0.0,5486.83575387391,5486.83575387391,0.0,1371708.9384684775,1371708.9384684775,0.0,0.0,0.0,1371708.9384684775,1371708.9384684775
Lalo Ebratt,Sebastian Yatra,5478823.99927163,5478823.99927163,21915.295997086523,3652.5493328477537,3652.5493328477537,0.0,3652.5493328477537,3652.5493328477537,3652.5493328477537,3652.5493328477537,0.0,913137.3332119384,913137.3332119384,0.0,913137.3332119384,913137.3332119384,913137.3332119384,913137.3332119384,0.0
Reik,Sebastian Yatra,5478823.99927163,5478823.99927163,21915.295997086523,3652.5493328477537,3652.5493328477537,0.0,3652.5493328477537,3652.5493328477537,3652.5493328477537,3652.5493328477537,0.0,913137.3332119384,913137.3332119384,0.0,913137.3332119384,913137.3332119384,913137.3332119384,913137.3332119384,0.0
Romeo Santos,CNCO,5462586.911180335,5462586.911180335,21850.34764472134,4370.069528944268,0.0,0.0,4370.069528944268,4370.069528944268,4370.069528944268,4370.069528944268,0.0,1092517.382236067,0.0,0.0,1092517.382236067,1092517.382236067,1092517.382236067,1092517.382236067,0.0
Shakira,Maluma,5437512.06953065,5437512.06953065,21750.0482781226,4350.00965562452,0.0,0.0,4350.00965562452,4350.00965562452,4350.00965562452,4350.00965562452,0.0,1087502.41390613,0.0,0.0,1087502.41390613,1087502.41390613,1087502.41390613,1087502.41390613,0.0
Famous Dex,Slim Jxmmi,5432324.0815808615,5432324.0815808615,21729.296326323445,0.0,4345.859265264689,4345.859265264689,0.0,4345.859265264689,0.0,4345.859265264689,4345.859265264689,0.0,1086464.8163161722,1086464.8163161722,0.0,1086464.8163161722,0.0,1086464.8163161722,1086464.8163161722
Juicy J,Famous Dex,5432324.0815808615,5432324.0815808615,21729.296326323445,0.0,4345.859265264689,4345.859265264689,0.0,4345.859265264689,0.0,4345.859265264689,4345.859265264689,0.0,1086464.8163161722,1086464.8163161722,0.0,1086464.8163161722,0.0,1086464.8163161722,1086464.8163161722
Jhay Cortez,Nacho,5419949.821581827,5419949.821581827,21679.799286327307,3613.299881054551,3613.299881054551,0.0,3613.299881054551,3613.299881054551,3613.299881054551,3613.299881054551,0.0,903324.9702636377,903324.9702636377,0.0,903324.9702636377,903324.9702636377,903324.9702636377,903324.9702636377,0.0
Cashmere Cat,KYLE,5412722.040293356,5412722.040293356,21650.888161173425,4330.177632234685,0.0,0.0,4330.177632234685,4330.177632234685,4330.177632234685,4330.177632234685,0.0,1082544.4080586713,0.0,0.0,1082544.4080586713,1082544.4080586713,1082544.4080586713,1082544.4080586713,0.0
BRADO,Veysel,5402658.393398371,5402658.393398371,21610.633573593484,4322.126714718697,0.0,0.0,4322.126714718697,4322.126714718697,4322.126714718697,4322.126714718697,0.0,1080531.6786796744,0.0,0.0,1080531.6786796744,1080531.6786796744,1080531.6786796744,1080531.6786796744,0.0
Cali Y El Dandee,Greeicy,5392374.349674424,5392374.349674424,21569.4973986977,3594.916233116283,3594.916233116283,0.0,3594.916233116283,3594.916233116283,3594.916233116283,3594.916233116283,0.0,898729.0582790707,898729.0582790707,0.0,898729.0582790707,898729.0582790707,898729.0582790707,898729.0582790707,0.0
Greeicy,Maite Perroni,5392374.349674424,5392374.349674424,21569.4973986977,3594.916233116283,3594.916233116283,0.0,3594.916233116283,3594.916233116283,3594.916233116283,3594.916233116283,0.0,898729.0582790707,898729.0582790707,0.0,898729.0582790707,898729.0582790707,898729.0582790707,898729.0582790707,0.0
Ashanti,Harry Styles,5383100.739767597,5383100.739767597,21532.40295907039,4306.480591814078,0.0,0.0,4306.480591814078,4306.480591814078,4306.480591814078,4306.480591814078,0.0,1076620.1479535196,0.0,0.0,1076620.1479535196,1076620.1479535196,1076620.1479535196,1076620.1479535196,0.0
KHEA,Paulo Londra,5381140.4281940125,5381140.4281940125,21524.56171277605,0.0,4304.91234255521,4304.91234255521,0.0,4304.91234255521,0.0,4304.91234255521,4304.91234255521,0.0,1076228.0856388025,1076228.0856388025,0.0,1076228.0856388025,0.0,1076228.0856388025,1076228.0856388025
Cazzu,Paulo Londra,5381140.4281940125,5381140.4281940125,21524.56171277605,0.0,4304.91234255521,4304.91234255521,0.0,4304.91234255521,0.0,4304.91234255521,4304.91234255521,0.0,1076228.0856388025,1076228.0856388025,0.0,1076228.0856388025,0.0,1076228.0856388025,1076228.0856388025
Shay,Maître Gims,5354215.098518199,5354215.098518199,21416.8603940728,0.0,4283.37207881456,4283.37207881456,0.0,4283.37207881456,0.0,4283.37207881456,4283.37207881456,0.0,1070843.01970364,1070843.01970364,0.0,1070843.01970364,0.0,1070843.01970364,1070843.01970364
Menor,Mc Magal,5273433.102300236,5273433.102300236,21093.732409200944,0.0,4218.746481840189,4218.746481840189,0.0,4218.746481840189,0.0,4218.746481840189,4218.746481840189,0.0,1054686.6204600472,1054686.6204600472,0.0,1054686.6204600472,0.0,1054686.6204600472,1054686.6204600472
